Anger,Anticipation,Disgust,Fear,Joy,Sadness,Surprise,Trust
rough,burn,rough,burn,divine,blue,uncertainty,divine
mate,fathom,ammonia,rough,mate,bury,abrupt,abacus
bite,uncertainty,asymmetry,mate,beach,calamity,accidentally,abbot
tough,accelerate,barf,bite,doll,cloudy,amaze,account
argumentation,airport,barrow,obscurity,whimsical,corse,blitz,accountant
arguments,announcement,bowels,tough,abundant,couch,break,accounts
battalion,anticipation,bran,apprehend,accomplish,cremation,burlesque,adhering
bellows,anticipatory,catechism,armored,accomplished,dark,cable,administrative
boxing,appeal,critter,asp,adorable,decomposed,camouflage,advice
compress,applicant,cystic,avoiding,aesthetics,deviation,camouflaged,advised
confront,approaching,dank,bottomless,affluence,drugged,catch,advocate
cussed,arbitration,decompose,bunker,amicable,emptiness,chance,akin
detonation,arrival,diaper,cartridge,amnesty,epitaph,coincidence,alb
effigy,arrive,diarrhoea,cautionary,amuse,funeral,decoy,alliance
elbow,attempt,dispose,change,amused,furrow,differently,amortization
fenced,attendance,dissection,chasm,amusement,hospice,dynamic,ancestral
friction,auction,drool,chicken,amusing,invalid,exclaim,answerable
furiously,audience,dung,cleave,animated,isolate,fluke,apostolic
furnace,await,enema,cliff,baby,jurisprudence,gape,apprentice
harassing,begun,excretion,cobra,baptismal,kennel,gasp,arbiter
hot,biennial,flesh,conspiracy,beam,lamenting,gawk,arbitrator
involvement,board,gelatin,coy,beautiful,lone,guess,architecture
jab,bugle,gob,coyote,beautify,mausoleum,immediacy,armory
kicking,bye,gratuitous,crocodile,beauty,meek,improvisation,assessor
martial,calculation,greasy,crouch,beer,memorials,incident,assignee
mosque,clock,gut,dart,benign,napkin,incontinence,association
politics,clue,gutter,dentistry,blessed,necessity,infrequent,assure
pow,coming,heartworm,difficult,bliss,older,jolt,assuredly
preclude,conjecture,hulk,dike,blissful,parting,judgment,attestation
rapping,consequent,intestinal,dinosaur,blossom,pensive,leery,authenticate
rocket,contingent,janitor,disappear,bonanza,pity,lunge,authentication
saloon,continuation,lavatory,dragon,buss,plaintive,magician,authorize
sizzle,convergence,lusty,eel,charity,rainy,modify,automatic
slash,countdown,mouthful,escaped,cheering,refugee,mouth,axiom
spanking,craps,mucous,ethereal,childhood,relics,mystic,axiomatic
storming,crave,mucus,fanaticism,chirp,requiem,occasional,babysitter
tension,craving,nose,fang,choral,severance,outrageous,backer
tighten,creeping,octopus,fangs,classics,shroud,overestimate,badge
tussle,cue,perspiration,fever,congratulatory,snort,palpable,bank
vent,daily,puke,fire,create,stricken,perchance,banker
vindicate,debenture,regurgitation,fled,daughter,sympathize,peri,bartender
wop,destined,secrete,flood,delicious,terminate,placard,barter
wring,divination,sewer,formidable,diamond,terribly,polarity,base
coup,draft,slime,frigate,ditty,terrific,premature,believed
jerk,edition,spew,ghost,elated,tomb,randomly,believer
shout,engulf,spit,giant,elegant,unacknowledged,rapid,bequest
tackle,eventual,stall,gladiator,entertain,undertaker,rarity,blanket
bastion,expectancy,sticky,gunpowder,entertained,uninvited,reappear,budget
restitution,expectant,stomach,hawk,established,unseat,reflex,bursary
backbone,expected,sump,hide,exquisite,urn,riddle,bylaw
moral,expecting,swarm,hiding,exuberance,weeping,sally,canons
soldier,explore,tawny,homework,felicity,widow,shockingly,cashier
sisterhood,farm,teeming,hooded,festive,widower,singularly,certify
abolish,fermentation,vesicular,immigrant,flattering,wrinkled,splash,chancellor
adversary,forming,vomit,injection,fondness,hermit,stagger,chaplain
aggravated,germination,congress,interrogate,frolic,veal,startling,chart
agitated,gradual,larger,interrogation,fulfill,evanescence,stealth,clan
agitation,gravitate,gray,interviewer,garden,mate,stealthily,coach
allegation,habitual,politic,iris,gem,anchorage,subito,coalesce
altercation,hankering,interior,jaws,genial,condolence,sudden,coax
anger,happen,thrift,jungle,giggle,console,suddenly,coexisting
animus,haste,interested,kerosene,gladness,humbled,surge,cohesion
annoying,headlight,pious,lines,glee,hut,surprised,collaborator
antagonism,horoscope,aberration,mage,glorification,nutritious,surprising,collateral
antagonist,hurry,abject,manifestation,gorgeous,quiet,topple,commerce
antithesis,immortality,abnormal,military,gratitude,sympathy,trip,commission
argue,inaugural,airs,missile,happily,apologize,trump,committee
argument,install,amphetamines,mortgage,healthful,irregularity,unanticipated,communication
avenger,interim,aphid,mortgagor,heartily,abortive,uncover,compact
badger,intermission,awkwardness,musket,hilarity,abscess,underestimate,compass
barb,intuitively,baboon,nervousness,hobby,absent,undiscovered,comptroller
bark,investigation,backwards,outpost,humorous,absentee,unexpectedly,confide
barrier,invoke,blister,outsider,hurrah,abysmal,unforeseen,confidential
battery,letter,bloated,overt,jovial,ache,unguarded,confidentially
battle,linger,boil,parachute,joy,aching,unintended,confirmation
berserk,localize,bombed,posse,joyous,ail,unintentional,conformity
bias,long,bovine,precipice,jump,alienated,unprecedented,conglomerate
birthplace,lottery,boy,prevent,kudos,annulment,unsuspecting,congressman
blasphemy,lull,bribery,projectile,laughing,apathetic,vanish,connective
blaze,mail,brothel,projectiles,laurels,apathy,variable,consort
bout,matchmaker,bureaucrat,protestant,love,arid,zany,constable
brazen,mill,burnt,quake,luster,ashes,assessment,constantly
broil,mobile,cannibalism,quarantine,luxurious,attenuation,secrecy,constitute
brunt,morn,caries,rattlesnake,luxury,backwater,steady,consul
buffet,morrow,cess,ravine,lyre,badly,evanescence,consult
chaotic,motion,clumsy,razor,lyrical,barren,astonishingly,conveyancing
clash,mountain,compost,recesses,marvelous,beg,diversion,convinced
collision,nascent,constipation,refutation,marvelously,beggar,greeting,convincing
commotion,neighborhood,contaminate,regiment,massage,bereaved,marvel,correctness
complaint,network,contamination,resection,masterpiece,bereavement,originality,corroboration
complicate,notification,corruption,restrained,merry,black,purity,countryman
compulsion,ongoing,cough,seizure,mirth,bleak,quickness,county
condemn,onset,crap,shank,nap,blindly,unique,courier
contemptuous,overture,crawl,shooter,obtainable,blindness,bizarre,cover
contradict,parole,crude,shrapnel,opportune,boredom,divergent,crew
controversial,passenger,crusty,spike,overjoyed,bottom,elusive,cube
crabby,perpetuate,cuckold,spur,pastry,breakup,erratic,custodian
cranky,plan,daft,sultan,picturesque,cage,hermaphrodite,custody
crime,plump,dandy,surveillance,playhouse,cancel,horde,deacon
crunch,possibility,debris,sweat,pleased,captivity,illusion,dealings
deceived,precursor,defective,syringe,pleasurable,chronic,inexplicable,deed
decry,predict,deform,thirteenth,praised,clouded,mimicry,depository
defamatory,prediction,degrade,thumping,pride,cocaine,nab,deputy
defect,predispose,dirt,tornado,prosperous,committal,nullify,dermatologist
defiant,preliminary,dirty,torrent,radiant,conceal,pang,designation
demand,preparation,discoloration,tract,reproductive,crippled,pop,dictum
deny,preparatory,discriminating,unsteady,resplendent,crumbling,postponement,differential
destruction,preparedness,dishonesty,validity,revel,cry,prank,digit
detract,prerequisite,disingenuous,verdict,revels,crying,quicksilver,disciple
dictatorial,probability,displeasure,warlock,reverend,cumbersome,scrimmage,disclosed
disagree,proceeding,disregarded,warning,rollicking,cytomegalovirus,slip,divan
disobedient,prognostic,distaste,wary,romanticism,damages,snag,doctrine
dispute,prologue,distasteful,weighty,romp,debt,somatic,dogma
disrespect,prophecy,distorted,whirlpool,salute,deceased,thwart,downright
dissension,prophetic,donkey,ambulance,satisfied,defeated,trick,eagle
dissonance,prospectively,drivel,auditor,scholarship,defunct,unintentionally,economy
distracted,punt,drunken,confessional,sensational,delirious,unpredictable,electorate
disused,quicken,egotistical,cop,sensuous,denied,wild,emphasize
dupe,ready,entrails,dominion,smiling,departed,leave,employ
duplicity,recipient,excrement,khan,sonorous,departure,obit,entrust
eradicate,recombination,faeces,obey,special,depression,resignation,episcopal
escalate,recurrent,falsify,operation,sublimation,depressive,unimaginable,escort
exaggerate,regatta,falsity,phalanx,sunshine,detention,amazingly,establish
extinguish,representing,farcical,rule,tenderness,difficulties,astonishment,executor
fallacious,restlessness,fecal,tactics,thankful,diminish,ceremony,exhaustive
falsification,result,feces,apparition,thanksgiving,disability,cheerful,eyewitness
fee,resultant,filth,bewilderment,tinsel,disappointing,electric,fact
ferocity,roulette,filthy,chimera,toast,disapproval,exhilaration,father
feud,saliva,flabby,gulp,tranquil,discomfort,godsend,fender
fib,secular,flatulence,newcomer,unconstrained,disconnect,gratify,fill
fighting,seductive,flea,prowl,vernal,disconnected,hilarious,fireman
fits,seek,fool,puma,victor,disheartened,jest,fixed
foray,sequel,fungus,swerve,victorious,disheartening,joker,flagship
fraud,serial,fussy,veer,vivacious,dispassionate,jubilee,flange
frustrated,ship,gaby,bomber,vivid,dispel,laugh,follower
frustration,shortly,gag,concerned,wages,disqualify,lucky,footing
fuming,signify,garbage,descent,welcomed,distraught,merriment,formality
furor,simmering,glut,endocarditis,whiteness,doldrums,miraculous,fort
gibberish,speculative,gluttony,intercede,witty,dole,presto,framework
glaring,start,goo,moan,absolution,dolor,rhythmical,gage
godless,strive,gorge,penance,achieve,drab,splendid,gate
grab,submit,greedy,seriousness,admirable,dreary,wonderfully,gateway
grated,subscribe,grime,stretcher,admiration,dull,applause,gauging
grudge,tabulate,grimy,surgery,adoration,embarrass,brighten,governess
hating,theology,gross,unrest,affection,error,dolphin,governor
haughty,thermocouple,grotesque,whimper,amen,evict,enliven,grammar
hit,thought,gruesome,hospital,angelic,excluding,greatness,grandfather
implicate,time,hairy,cautiously,appreciation,exhausted,heroic,ground
inattention,tomorrow,harlot,compassion,approve,expire,illumination,guarded
incense,track,heretic,courageous,authentic,extinct,inspired,gusset
incongruous,transitional,herpes,defend,beautification,faithless,jubilant,handbook
indenture,treadmill,herpesvirus,fearless,befriend,fall,memorable,harbor
indignant,undertaking,hog,flying,benevolence,falling,practiced,heritage
infraction,undisclosed,humiliating,helmet,bouquet,famine,rapt,horse
injustice,unresolved,hypocrite,indomitable,bridesmaid,fasting,remarkable,immunization
inoperative,unverified,hypocritical,lion,calf,fatigued,smile,impenetrable
insufficiency,vigil,idiot,powerfully,carol,fault,teach,impressionable
insurrection,voyage,ignorant,procedure,cathedral,feeble,wonderful,incline
intolerable,wishful,illiterate,repent,choir,fell,procession,inclusion
intractable,wont,impolite,samurai,civilized,flaccid,apparition,indent
invasion,boomerang,impure,settlor,clean,flaw,bewilderment,indivisible
involution,cap,impurity,aga,closeness,forbid,chimera,infallibility
irate,cement,incestuous,armor,commendable,forlorn,gulp,inform
ire,commonplace,indecent,guard,communion,forsake,newcomer,institute
irritability,dare,ineffectual,police,companion,frailty,prowl,insulation
irritable,depend,infect,policeman,conciliation,frayed,puma,intend
kick,determinate,iniquity,rod,confident,frown,swerve,intercession
loath,enroll,intoxicated,vigilant,connoisseur,fruitless,veer,journalism
loudness,forecast,john,stillness,content,funk,accidental,journeyman
malpractice,inoculation,kite,fortress,coronation,futile,alarm,jurist
meddle,instructions,larceny,adjudicate,cuddle,geriatric,alarming,jury
misrepresented,invocation,latrines,admonition,dance,gloom,anomaly,knickers
mutter,judiciary,laughable,afraid,darling,gloomy,bewildered,label
nag,navigator,leer,agonizing,diary,glum,cyclone,landmark
negation,neutral,lemon,angina,enchanted,grief,detonate,law
noisy,sundial,lesser,apache,encourage,haggard,examination,leading
nuisance,testament,lewd,apprehension,engaging,handicap,explosion,leaning
objection,theory,liar,armaments,enlighten,hardship,fright,legislator
obstructive,weigh,lick,artillery,enlightenment,heartache,frightened,legislature
opinionated,changeable,loathing,astray,equality,heartless,infarct,legitimacy
opposition,conjure,loo,asylum,evergreen,hindering,perjury,lender
overbearing,experiment,loon,avoid,exaltation,hoary,screech,levee
patter,hap,louse,avoidance,exalted,hobo,startle,lieutenant
payback,hypothesis,lumpy,bale,excellent,hollow,stunned,lodging
penitentiary,mystery,lurid,barbarian,expedient,homesick,uncanny,machine
picketing,raffle,maggot,barricade,favorite,impossible,unstable,maintenance
pique,spectacular,malfeasance,battlefield,fidelity,imprudent,volcano,mamma
pirate,surprisingly,manure,behemoth,food,inability,abduction,manual
pound,visor,materialist,biopsy,forefathers,inadequate,accident,marine
prejudice,depart,mess,brigade,fortitude,inconsequential,avalanche,mathematical
prejudicial,longing,messy,cabal,found,indigent,crash,maxim
pretending,ultimate,mildew,captor,fraternal,inefficient,deluge,measure
profane,thirst,mire,carnivorous,freedom,infamy,embarrassment,merchant
profanity,acquiring,misconduct,cloudiness,freely,inferior,emergency,messenger
provocation,addresses,misguided,conspire,friend,infertility,fainting,microscope
quarrel,adventure,mite,constrain,friendliness,inhospitable,fearfully,moat
rage,archaeology,mockery,corrosive,friendship,inhumanity,frighten,monogamy
remand,arouse,monochrome,cowardice,generous,inter,insolvency,moorings
renegade,astrologer,muck,cowardly,godly,interment,rupture,mortgagee
renounce,astronomer,muddy,crouching,green,interrupted,syncope,nation
reprimand,attainable,musty,cult,hardy,isolation,vanished,nest
resent,career,mutilated,cutter,harmoniously,labored,wildfire,neutrality
resentful,commemorative,nameless,cyanide,harmony,late,buck,notary
resistance,correspondence,nappy,dagger,heal,lax,surprise,obstetrician
retaliate,delivery,nausea,dangerous,heavens,lethargy,loyal,offering
retaliatory,develop,nicotine,defection,helpful,listless,larger,official
retract,dietary,obese,deflation,hug,lonesome,garish,ordinance
ringer,discreet,obscene,demented,humanity,lost,slush,orthodoxy
rivalry,endeavor,ooze,depreciation,immaculate,lower,sneeze,pact
row,expectation,outhouse,despotic,improvement,lowest,oddity,parish
satanic,expedition,parrot,dictator,inseparable,lowly,hypertrophy,parliament
scandalous,extricate,perverted,discipline,joyful,malaise,aghast,patrol
schism,foreseen,phlegm,disorder,kind,margin,freakish,pavement
scolding,horizon,pig,distressed,kitten,meaningless,cadaver,periodicity
scorching,importance,piles,dominant,lamb,melancholic,dire,personal
scorn,inquiry,pimple,doom,liking,melancholy,dreadfully,persuade
screwed,intended,plagiarism,dungeon,lovable,meltdown,mishap,philanthropic
shove,invitation,poisoning,edict,lovemaking,miserably,nefarious,physicist
skirmish,launch,pollute,encroachment,loving,misrepresentation,changeable,policy
slay,merge,pollution,endangered,majority,mistake,conjure,poll
smack,momentum,polygamy,enigmatic,marrow,monsoon,experiment,pontiff
smother,monetary,pompous,erase,meritorious,morbid,hap,preponderance
snarling,mutable,porn,evacuate,ministry,moribund,hypothesis,presumption
spat,navigable,pornography,excruciating,motherhood,mourn,mystery,prevalent
spite,offset,pregnancy,extrajudicial,notable,mourning,raffle,professorship
spiteful,opportunity,prolong,falter,nursery,negative,spectacular,proof
standstill,outdo,prosecution,fearing,pastor,negro,surprisingly,protected
stolen,paddle,prostitute,felon,pledge,nonsensical,visor,proven
stone,patient,pungent,flee,praise,noose,thirst,proviso
storm,practise,pus,flu,prestige,nothingness,curiosity,proxy
strained,predilection,quack,forced,privileged,numbness,improvise,putative
strife,prepare,quagmire,foreigner,promise,obituary,wizard,radar
strike,prescient,questionable,fret,purify,ovation,expect,ranger
sucker,prevention,rags,gash,purr,overload,foresee,ratify
surcharge,production,rancid,gasping,quaint,overwhelmed,excavation,recruits
throttle,public,rash,ghostly,resources,painfully,gambler,referee
thump,quest,reflux,government,respite,pauper,gambling,registry
tiff,recognizable,repelling,grenade,reverence,perished,worm,reinforcements
torpedo,reconstruct,rogue,grizzly,reverie,perplexity,chicane,related
trespass,reconstruction,rotting,guerilla,roadster,pine,overdue,relative
unjust,rehabilitation,rubbish,hallucination,safe,pointless,quote,religion
unsympathetic,renovate,saturated,hangman,salutary,posthumous,allure,retain
untrustworthy,ripen,scrub,harm,sanctification,rack,birthday,safekeeping
usurp,sonar,scum,harrowing,save,refused,bonus,sappy
vengeance,store,secretion,haunt,soothing,regret,clown,sceptical
versus,sunset,septic,hazard,spaniel,regrettable,cream,school
veto,tributary,sewage,hazardous,spouse,regretted,delighted,scripture
whip,ultimately,sewerage,haze,strengthening,regretting,ecstatic,seals
words,unfold,shabby,hearing,superman,remorse,enchant,secret
wreak,university,shameless,heathen,superstar,repress,enthusiasm,securities
falsehood,virginity,sinning,heighten,supporter,resigned,enthusiast,senate
mule,vision,slimy,hesitation,symmetry,restrict,excitement,sentry
erupt,analyst,slop,horrified,tender,rue,exciting,series
interrupt,antidote,sloppy,hurricane,therapeutic,rumor,fanfare,sheriff
ordeal,ballot,sloth,hydra,tranquility,runaway,feat,shopkeeper
revolt,chastity,sludge,hysteria,truce,sadly,festival,show
slap,conservation,slug,incursion,TRUE,sap,fete,sib
subversive,continue,slum,indefensible,virtuous,scarcely,frisky,signature
aggravating,convince,smelling,indictment,vitality,secluded,gift,smith
bothering,council,soil,infection,wealth,sequestration,glimmer,solidarity
choke,cultivate,soiled,infirmity,zealous,setback,illuminate,sovereign
complain,diplomacy,soot,inflation,amazingly,shameful,jackpot,specialist
concussion,discretion,sour,insecurity,astonishment,shattered,kiss,specialize
confiscate,disposed,speck,intimidate,ceremony,sluggish,laughter,spokesman
criticism,dutiful,spoil,intrusion,cheerful,slump,liberation,statistical
deflate,efficient,spurious,jaundice,electric,sob,luck,structural
demolish,errand,squirm,locust,exhilaration,somber,magical,substantiate
disagreeing,foresight,stain,mace,godsend,sorely,precious,suggest
disagreement,instructor,stink,mafia,gratify,sorrowful,receiving,surrogate
disapproved,judicial,stinking,mandamus,hilarious,splitting,rejoicing,system
discriminate,lesson,stools,melee,jest,spoiler,score,tandem
disliked,lettered,sty,mercenary,joker,sprain,sparkle,tantamount
disturbed,mediate,swig,merciless,jubilee,stagnant,spirits,taught
dumps,mediator,swine,mistaken,laugh,sterile,splendor,team
eschew,neighbor,tasteless,monster,lucky,stillborn,sunny,temperate
feudalism,nobility,termite,mum,merriment,strip,thrilling,testimony
forfeit,objective,tetanus,muzzle,miraculous,subjected,winner,theological
forsaken,oracle,theism,nightmare,presto,subsidence,young,theorem
fuss,patience,toad,obligor,rhythmical,surrendering,accolade,thermometer
guilty,perpetuity,toilet,ordnance,splendid,taint,angel,trade
hamstring,planning,toxic,panic,wonderfully,tax,aspiration,trainer
harry,prepared,trashy,paranoia,applause,termination,award,transaction
humiliate,prophet,ugly,perturbation,brighten,tough,blessings,transcript
incompetent,prophylactic,unclean,phantom,dolphin,unable,candid,translation
inimical,punctual,unconscionable,pinion,enliven,unacceptable,captivate,treasurer
insignificant,puppy,unfaithful,plummet,greatness,undesired,celebration,tribe
limited,regularity,unmanageable,plunge,heroic,uneducated,cheer,tribune
losing,responsive,unsatisfactory,pneumonia,illumination,unfortunate,cherish,truck
melodrama,reunion,unsightly,predicament,inspired,ungodly,chuckle,truss
misunderstanding,scientist,untidy,premeditated,jubilant,unhappiness,climax,trust
moody,strategist,unwashed,prey,memorable,unimportant,compensate,trustee
myopia,top,unworthy,punish,practiced,uninspired,complement,truthful
offended,vigilance,vacuous,purge,rapt,uninterested,compliment,unequivocal
onerous,curiosity,vulgar,quail,remarkable,uninteresting,crescendo,volunteers
oust,improvise,wart,quash,smile,unrequited,crowning,votive
sedition,wizard,waste,quiver,teach,unsuccessful,dawn,voucher
sore,expect,weird,quivering,wonderful,untitled,deal,witness
sue,foresee,whore,radiation,demonstrative,unwelcome,eager,assessment
sullen,angling,wickedness,radioactive,music,unwell,ejaculation,secrecy
tolerate,broadside,withered,radon,sonnet,wane,embrace,steady
touchy,bruise,garish,raptors,esteem,wanting,entertainment,hermit
tripping,competition,slush,regulatory,heartfelt,wearily,excel,veal
unattainable,cramp,sneeze,reluctant,procession,weariness,excited,academic
underpaid,denying,adultery,repression,silly,weary,favorable,accord
unfairness,digress,ashamed,resistant,charmed,weeds,fiesta,accountability
unforgiving,fate,bastard,reticent,hedonism,weep,fortune,accountable
unpaid,ferment,blighted,retrenchment,outstanding,withdraw,generosity,accredited
upset,grasping,blunder,sag,untie,wither,glorify,accurate
waffle,hungry,bum,scaffold,acrobat,woeful,good,admiral
warp,hurried,chagrin,scalpel,confidence,worn,goodness,admire
willful,hype,corpse,scandal,intelligence,worried,grin,admissible
spine,immature,decayed,seize,surprise,gullible,hero,advisable
fervor,impatient,deceitful,shady,loyal,sadness,heroism,advise
mastery,labyrinth,deformed,shaking,sympathetic,leave,honeymoon,adviser
playful,lessen,delirium,shudder,glitter,obit,hope,affirm
orchestra,lust,depressing,siren,excellence,resignation,hopeful,affirmatively
liquor,olfactory,deteriorated,smuggle,gush,intervention,humanitarian,agreeable
armament,poke,dilapidated,snare,organ,demonstrative,independence,agreed
bear,scrutinize,disappointment,sortie,aloha,music,inheritance,agreeing
bearish,untold,discolored,soulmate,ardent,sonnet,invite,agreement
bee,wait,dysentery,spasm,aspire,esteem,inviting,allegiance
cane,calls,excluded,spook,auspicious,heartfelt,labor,allied
impermeable,excavation,fat,sprite,banquet,procession,leisure,ally
react,gambler,fatty,stalk,basketball,bomber,liberty,ambassador
lightning,gambling,flop,stormy,beaming,concerned,magnificent,antifungal
defendant,worm,groan,straits,bountiful,descent,majestic,antiseptic
displaced,chicane,guilt,stranger,celebrated,endocarditis,medal,apologetic
warrior,exhaustion,humiliation,subordinate,celebrating,intercede,miracle,apostle
attorney,uneasiness,inefficiency,suspect,celestial,moan,optimism,approbation
toughness,unexplained,lesbian,suspension,cheery,penance,organization,assembly
accused,unpublished,lush,suspicion,child,seriousness,peaceful,asserting
accuser,overdue,murky,swelling,commemoration,stretcher,perfection,assist
accusing,immediately,nauseous,terror,completing,surgery,picnic,associate
aggression,maternal,obesity,thorny,completion,unrest,playground,assurance
aggressive,revive,pathetic,toothache,delight,whimper,pleasant,assured
aggressor,surround,prostitution,toxin,ecstasy,hospital,praiseworthy,attendant
anarchism,quote,shack,trembling,emancipation,stillness,present,attentive
anarchist,organ,sick,tumor,enchanting,fortress,preservative,attest
anarchy,aloha,sickly,turbulent,entertaining,abandon,princely,aunt
annihilate,ardent,soreness,typhoon,exceed,absence,proficiency,authenticity
arson,aspire,tarnish,unholy,fancy,abyss,rejoice,author
assassinate,auspicious,trash,unsafe,football,afflict,rescue,authoritative
assault,banquet,trash,unspeakable,fun,ailing,reward,authority
attack,basketball,unattractive,vertigo,gain,appendicitis,saint,authorization
batter,beaming,unbearable,villain,glad,atherosclerosis,saintly,bargain
bayonet,bountiful,unfavorable,viper,glide,austere,shopping,bedrock
beast,celebrated,unpleasant,war,happiness,bankrupt,simplify,believing
belligerent,celebrating,unpopular,ware,harvest,battered,spa,benefactor
belt,celestial,unsatisfied,waver,holiday,bier,succeed,bodyguard
blackmail,cheery,vainly,weirdo,inspiration,blackness,sun,brother
bombard,child,vegetative,whirlwind,luscious,blues,sweet,brotherhood
bombardment,commemoration,wallow,wicked,orgasm,bondage,synchronize,butler
brimstone,completing,whine,xenophobia,prevail,broke,tickle,cabinet
brutal,completion,woefully,bailiff,progress,burdensome,transcendence,calculator
brutality,delight,worsening,bait,prosper,buried,trophy,caretaker
bully,ecstasy,wretched,dubious,rapture,captive,veracity,center
busted,emancipation,oddity,accidental,recreation,carcinoma,zeal,chairman
campaigning,enchanting,petroleum,alarm,recreational,cardiomyopathy,art,chairwoman
cannon,entertaining,lord,alarming,renovation,case,lovely,checklist
chaff,exceed,humble,anomaly,rising,casket,sanctify,chemist
challenge,fancy,glitter,bewildered,sensuality,cemetery,whim,chronicle
clashing,football,excellence,cyclone,shining,chargeable,tantalizing,civilization
claw,fun,gush,detonate,starry,coffin,erotic,clearance
combat,gain,socialism,examination,success,coma,flirt,clerical
combatant,glad,spider,explosion,sweets,comatose,sensual,coexist
combative,glide,hypertrophy,fright,symphony,cripple,unbeaten,cogent
conflagration,happiness,tearful,frightened,thriving,crypt,alerts,cohesive
confusion,harvest,abominable,infarct,triumph,cyst,blindfold,collectively
conquest,holiday,alien,perjury,twinkle,danger,mysterious,colonel
consternation,inspiration,anaconda,screech,vacation,darken,suspense,commandant
cracked,luscious,appalling,startle,visitor,darkened,urgency,commanding
crazed,orgasm,bacterium,stunned,voluptuous,debacle,warned,committed
cruelly,prevail,beastly,uncanny,winnings,decay,alertness,commodore
crusade,progress,bestial,unstable,accompaniment,defenseless,concealed,commonwealth
cutthroat,prosper,blob,volcano,achievement,dementia,intrigue,communicate
delusional,rapture,bug,abandon,adore,demise,sorcery,competence
destroyer,recreation,burglar,absence,advent,demoralized,stealthy,competency
disinformation,recreational,cannibal,abyss,alive,dependence,trepidation,competent
dissident,renovation,contagious,afflict,ambition,deport,urgent,compliance
distressing,rising,creature,ailing,amour,depress,warn,comrade
exacerbation,sensuality,debauchery,appendicitis,aspiring,desolation,confession,concord
extermination,shining,defamation,atherosclerosis,atone,despairing,advance,concordance
fear,starry,devilish,austere,betrothed,destitute,infant,confederate
fight,success,disintegrate,bankrupt,bless,deteriorate,thrill,confirmed
firearms,sweets,ghastly,battered,blessing,die,graduation,congregation
fluctuation,symphony,goblin,bier,bloom,disable,holiness,congruence
foe,thriving,grisly,blackness,bounty,disabled,immerse,conscience
forbidding,triumph,hag,blues,bridal,discourage,marry,conscientious
force,twinkle,idolatry,bondage,bride,disembodied,pray,considerate
forcibly,vacation,impeach,broke,bridegroom,doomed,destination,consistency
frenzied,visitor,incubus,burdensome,brilliant,downfall,romance,constancy
gang,voluptuous,infestation,buried,brotherly,drown,highest,constant
glare,winnings,inmate,captive,buddy,dwarfed,parade,constitutional
growl,accompaniment,instability,carcinoma,champion,emaciated,rekindle,contributor
gun,achievement,irrational,cardiomyopathy,charitable,embolism,unexpected,convent
harshness,adore,laxative,case,cheerfulness,euthanasia,finally,cooperating
havoc,advent,leeches,casket,chocolate,evasion,winning,cooperation
hiss,alive,mange,cemetery,church,exorcism,exigent,cooperative
homicidal,ambition,mistrust,chargeable,clap,exterminate,frantic,corporation
hostage,amour,neurotic,coffin,comfort,fatality,flinch,corroborate
hostilities,aspiring,noxious,coma,courtship,fearful,weight,cosmopolitan
hysterical,atone,obi,comatose,cradle,flounder,coup,counsel
indict,betrothed,occult,cripple,delightful,foreclose,jerk,counselor
indoctrination,bless,ogre,crypt,deliverance,forfeiture,shout,count
inferno,blessing,parasite,cyst,devout,forgotten,tackle,covenant
insane,bloom,pestilence,danger,dove,fragile,sisterhood,credence
intimidation,bounty,prejudiced,darken,eagerness,fraught,erupt,credential
jeopardize,bridal,purgatory,darkened,edification,grave,interrupt,credibility
lash,bride,rat,debacle,elegance,grieve,ordeal,credible
lava,bridegroom,repellant,decay,elite,grounded,revolt,credit
lawlessness,brilliant,repulsion,defenseless,engaged,halting,slap,creditable
madden,brotherly,rigor,dementia,enjoy,haunted,subversive,crucial
madman,buddy,robber,demise,enjoying,hearse,playful,culinary
madness,champion,serpent,demoralized,exalt,helpless,lightning,curable
malice,charitable,shanghai,dependence,fain,helplessness,ambush,defended
malignant,cheerfulness,smut,deport,faith,hopeless,assail,defender
maniac,chocolate,snake,depress,familiarity,horrors,blast,deference
manipulation,church,squeamish,desolation,firstborn,illness,disruption,definitive
menace,clap,stealing,despairing,fitting,incrimination,eruption,delegate
menacing,comfort,swamp,destitute,friendly,infliction,frenetic,depth
mob,courtship,swampy,deteriorate,fulfillment,injured,incendiary,determination
obliterated,cradle,taboo,die,glory,insurmountable,intruder,devotional
oblivion,delightful,uneasy,disable,glow,irreparable,outcry,dictionary
obstruct,deliverance,unnatural,disabled,grandchildren,isolated,raid,dignity
opposed,devout,vulture,discourage,grant,jail,riotous,diligence
overpowering,dove,wimp,disembodied,grow,jarring,shock,diplomatic
penetration,eagerness,aghast,doomed,happy,kill,shrill,director
persecute,edification,freakish,downfall,healing,knell,slam,doctor
quandary,elegance,abortion,drown,heavenly,landslide,sneak,don
rabble,elite,affliction,dwarfed,heyday,languishing,tumult,doubtless
rampage,engaged,anthrax,emaciated,hire,lifeless,yell,durability
ransom,enjoy,arsenic,embolism,improve,lockup,yelp,durable
rebel,enjoying,atrophy,euthanasia,inauguration,loneliness,abandonment,educational
reckless,exalt,autopsy,evasion,infinity,malignancy,bomb,effective
restrain,fain,bacteria,exorcism,inspire,martyr,defy,elder
retaliation,faith,bleeding,exterminate,intimate,martyrdom,devastation,elders
rifle,familiarity,blight,fatality,kindred,miscarriage,dissolution,elect
riot,firstborn,carcass,fearful,lover,misfortune,disturbance,elucidate
saber,fitting,cholera,flounder,magnificence,missing,earthquake,eminence
savage,friendly,collapse,foreclose,marriage,mortuary,explode,enable
savagery,fulfillment,contaminated,forfeiture,matrimony,neuralgia,invade,enablement
scapegoat,glory,coward,forgotten,meditate,neurosis,kidnap,encyclopedia
sectarian,glow,cringe,fragile,oasis,obliteration,paralyzed,endow
shoot,grandchildren,cupping,fraught,ordination,orphan,punch,endowment
shooting,grant,decomposition,grave,paragon,pain,shatter,ensemble
smash,grow,default,grieve,passion,pained,shell,evident
standoff,happy,deformity,grounded,passionate,pandemic,shot,exchange
sting,healing,degrading,halting,pay,penal,shriek,experienced
subversion,heavenly,discontinuity,haunted,peace,perish,stab,expert
suffocation,heyday,diseased,hearse,perfect,perishing,treachery,expertise
swastika,hire,dismal,helpless,possess,pessimist,violation,explain
talons,improve,dismemberment,helplessness,pretty,polio,outburst,facts
teasing,inauguration,endemic,hopeless,proud,problem,misbehavior,faculty
threat,infinity,exclusion,horrors,providing,relapse,reversal,fairly
thundering,inspire,failure,illness,radiance,rubble,betray,faithful
troll,intimate,ghetto,incrimination,readiness,ruin,hoax,faithful
troublesome,kindred,hemorrhage,infliction,reconciliation,sarcoma,insult,familiar
tumultuous,lover,hideous,injured,remedy,scarce,rave,faultless
turbulence,magnificence,horrifying,insurmountable,respect,senile,intrusive,fellow
ultimatum,marriage,hydrocephalus,irreparable,restorative,sepsis,monstrosity,firmness
usurped,matrimony,ineptitude,isolated,revere,shipwreck,mutiny,forgiving
vehement,meditate,infectious,jail,revival,shrink,prick,formative
vengeful,oasis,lament,jarring,romantic,sorrow,recklessness,formula
virulence,ordination,leprosy,kill,salary,specter,scorpion,frank
warlike,paragon,lethal,knell,salvation,speculation,scream,frankness
wrath,passion,malaria,landslide,sanctuary,spinster,treason,fully
counsellor,passionate,measles,languishing,serenity,squall,uncertain,fundamental
libel,pay,morgue,lifeless,sex,starvation,violent,fuse
mislead,peace,outcast,lockup,share,stint,affront,garrison
warden,perfect,palsy,loneliness,soundness,stroke,attacking,gazette
ambush,possess,plague,malignancy,star,sufferer,bang,general
assail,pretty,retard,martyr,succeeding,surrender,bloodshed,gentleman
blast,proud,rot,martyrdom,successful,terminal,carnage,gentry
disruption,providing,sacrifices,miscarriage,treasure,throb,catastrophe,genuine
eruption,radiance,servile,misfortune,triumphant,timid,daemon,girder
frenetic,readiness,shame,missing,unification,tragedy,deceit,gospel
incendiary,reconciliation,sickness,mortuary,uplift,tribulation,disaster,govern
intruder,remedy,soulless,neuralgia,utopian,tumour,dismissal,grit
outcry,respect,subvert,neurosis,venerable,tyranny,distress,guarantee
raid,restorative,suffering,obliteration,victory,unemployed,horror,guardian
riotous,revere,suffocating,orphan,vindication,vulnerability,howl,guardianship
shock,revival,sunk,pain,visionary,wail,illegitimate,gubernatorial
shrill,romantic,tramp,pained,vow,wan,lawsuit,guidance
slam,salary,travesty,pandemic,white,weakly,lose,guide
sneak,salvation,ugliness,penal,zest,worse,manslaughter,guidebook
tumult,sanctuary,unhealthy,perish,allure,doubt,murder,guru
yell,serenity,varicella,perishing,birthday,insolvent,murderous,haven
yelp,sex,wasting,pessimist,bonus,abduction,pitfall,helper
abandoned,share,woe,polio,clown,accident,plunder,heroine
accursed,soundness,cadaver,problem,cream,avalanche,sabotage,honesty
adversity,star,dire,relapse,delighted,crash,senseless,honor
agony,succeeding,dreadfully,rubble,ecstatic,deluge,slaughter,honorable
anguish,successful,mishap,ruin,enchant,embarrassment,slaughtering,humility
annihilated,treasure,nefarious,sarcoma,enthusiasm,emergency,slayer,husbandry
annihilation,triumphant,remains,scarce,enthusiast,fainting,strangle,impart
arraignment,unification,germ,senile,excitement,fearfully,terrorist,impartial
assailant,uplift,undoubted,sepsis,exciting,frighten,thief,impartiality
assassin,utopian,unaccountable,shipwreck,fanfare,insolvency,trickery,impeccable
assassination,venerable,finally,shrink,feat,rupture,victimized,important
banished,victory,savor,sorrow,festival,syncope,wreck,indelible
battled,vindication,winning,specter,fete,vanished,divorce,indemnity
beating,visionary,abundance,speculation,frisky,wildfire,intense,indestructible
blockade,vow,contagion,spinster,gift,sympathetic,wireless,influential
broken,white,tribunal,squall,glimmer,gray,uncontrollable,inimitable
brute,zest,exigent,starvation,illuminate,interested,unfulfilled,innocent
bugaboo,allure,frantic,stint,jackpot,pious,chant,instruct
burial,birthday,mortification,stroke,kiss,adultery,liberate,instruction
casualty,bonus,plight,sufferer,laughter,ashamed,money,insure
chaos,clown,flinch,surrender,liberation,bastard,musical,intact
communism,cream,cove,terminal,luck,blighted,vote,integrity
confine,delighted,weight,throb,magical,blunder,banger,intelligent
confinement,ecstatic,claimant,timid,precious,bum,explosive,intuition
conflict,enchant,indecency,tragedy,receiving,chagrin,revenge,iron
constraint,enthusiasm,stalemate,tribulation,rejoicing,corpse,scare,irrefutable
crazy,enthusiast,dame,tumour,score,decayed,volatility,judicious
cross,excitement,accusation,tyranny,sparkle,deceitful,dismay,justice
cursed,exciting,actionable,unemployed,spirits,deformed,tempest,justifiable
damnation,fanfare,aggravation,vulnerability,splendor,delirium,unbridled,laser
darkness,feat,alienate,wail,sunny,depressing,revolution,laureate
dashed,festival,angry,wan,thrilling,deteriorated,excitation,lawful
delusion,fete,annoy,weakly,winner,dilapidated,excite,leader
deportation,frisky,annoyance,worse,young,disappointment,youth,legal
depressed,gift,antagonistic,doubt,accolade,discolored,opera,level
destroyed,glimmer,antipathy,insolvent,angel,dysentery,raving,linguist
destroying,illuminate,arrogant,abduction,aspiration,excluded,supremacy,loyalty
devastate,jackpot,asshole,accident,award,fat,clamor,magnet
difficulty,kiss,atrocious,avalanche,blessings,fatty,latent,mainstay
disastrous,laughter,avarice,crash,candid,flop,morals,majesty
dispossessed,liberation,bickering,deluge,captivate,groan,tree,manage
domination,luck,bile,embarrassment,celebration,guilt,celebrity,management
encumbrance,magical,blame,emergency,cheer,humiliation,death,mandarin
enmity,precious,blasphemous,fainting,cherish,inefficiency,epidemic,marshal
executioner,receiving,blatant,fearfully,chuckle,lesbian,obliging,mate
exile,rejoicing,bogus,frighten,climax,lush,feeling,mate
fatal,score,bummer,insolvency,compensate,murky,treat,matron
frightful,sparkle,cacophony,rupture,complement,nauseous,,measured
fury,spirits,cad,syncope,compliment,obesity,,mentor
gallows,splendor,callous,vanished,crescendo,pathetic,,merit
grievous,sunny,canker,wildfire,crowning,prostitution,,moderator
halter,thrilling,carelessness,omnipotence,dawn,shack,,modest
hurt,winner,cheat,scarecrow,deal,sick,,monk
hurting,young,contemptible,seclusion,eager,sickly,,morality
impotence,accolade,coop,superstition,ejaculation,soreness,,negotiate
inequality,angel,copycat,synonymous,embrace,tarnish,,nestle
inflict,aspiration,cursing,buck,entertainment,trash,,noble
injure,award,dabbling,acrobat,excel,unattractive,,nobleman
injurious,blessings,damn,confidence,excited,unbearable,,nurse
injury,candid,defraud,intelligence,favorable,unfavorable,,oath
insecure,captivate,delinquent,surprise,fiesta,unpleasant,,obedience
invader,celebration,denounce,loyal,fortune,unpopular,,obvious
irreconcilable,cheer,depravity,sympathetic,generosity,unsatisfied,,occupant
killing,cherish,depreciate,socialism,glorify,vainly,,officer
leukemia,chuckle,derision,spider,good,vegetative,,omniscient
loss,climax,desist,hypertrophy,goodness,wallow,,optimist
militia,compensate,despicable,tearful,grin,whine,,ordained
mortality,complement,despise,abominable,hero,woefully,,parietal
mournful,compliment,detest,alien,heroism,worsening,,partake
nether,crescendo,diatribe,anaconda,honeymoon,wretched,,partnership
obliterate,crowning,discord,appalling,hope,oddity,,patriarchal
obstacle,dawn,disdain,bacterium,hopeful,humble,,patron
oppressor,deal,disgraceful,beastly,humanitarian,tearful,,patronage
penalty,eager,dislike,bestial,independence,abortion,,pedigree
pernicious,ejaculation,disobedience,blob,inheritance,affliction,,perceive
pessimism,embrace,disobey,bug,invite,anthrax,,perennial
prison,entertainment,egregious,burglar,inviting,arsenic,,pertinent
prosecute,excel,exasperation,cannibal,labor,atrophy,,philanthropist
psychosis,excited,flagrant,contagious,leisure,autopsy,,philosopher
punishing,favorable,fraudulent,creature,liberty,bacteria,,physician
punitive,fiesta,furious,debauchery,magnificent,bleeding,,pill
rating,fortune,gall,defamation,majestic,blight,,pilot
ravenous,generosity,grating,devilish,medal,carcass,,pith
reject,glorify,greed,disintegrate,miracle,cholera,,pivot
rejects,good,gruff,ghastly,optimism,collapse,,precedence
remove,goodness,grumble,goblin,organization,contaminated,,predominant
reprisal,grin,harass,grisly,peaceful,coward,,prefer
resisting,hero,hoot,hag,perfection,cringe,,president
restriction,heroism,hostility,idolatry,picnic,cupping,,priest
retribution,honeymoon,huff,impeach,playground,decomposition,,primer
revolver,hope,idiotic,incubus,pleasant,default,,principal
rheumatism,hopeful,immorality,infestation,praiseworthy,deformity,,probity
scarcity,humanitarian,inadmissible,inmate,present,degrading,,proctor
scourge,independence,incredulous,instability,preservative,discontinuity,,professional
scrapie,inheritance,indignation,irrational,princely,diseased,,professor
shortage,invite,inept,laxative,proficiency,dismal,,proficient
skid,inviting,infantile,leeches,rejoice,dismemberment,,protecting
slave,labor,irritating,mange,rescue,endemic,,protector
smite,leisure,jealous,mistrust,reward,exclusion,,provide
spank,liberty,litigious,neurotic,saint,failure,,prudent
steal,magnificent,livid,noxious,saintly,ghetto,,purely
stifled,majestic,loathe,obi,shopping,hemorrhage,,purification
struggle,medal,loathsome,occult,simplify,hideous,,qualified
suicide,miracle,lying,ogre,spa,horrifying,,rational
suppress,optimism,malign,parasite,succeed,hydrocephalus,,real
taunt,organization,misleading,pestilence,sun,ineptitude,,reassurance
terrorize,peaceful,misplace,prejudiced,sweet,infectious,,reassure
thresh,perfection,misstatement,purgatory,synchronize,lament,,recline
torment,picnic,mistress,rat,tickle,leprosy,,recommend
traumatic,playground,mosquito,repellant,transcendence,lethal,,reconsideration
turmoil,pleasant,muff,repulsion,trophy,malaria,,regal
upheaval,praiseworthy,nettle,rigor,veracity,measles,,regent
vendetta,present,obscenity,robber,zeal,morgue,,reimbursement
victim,preservative,offend,serpent,closure,outcast,,reinforcement
violence,princely,offensive,shanghai,commemorate,palsy,,relevant
warfare,proficiency,outrage,smut,consecration,plague,,reliability
witchcraft,rejoice,pervert,snake,hymn,retard,,reliable
wound,rescue,phony,squeamish,priesthood,rot,,reliance
wrecked,reward,polemic,stealing,progression,sacrifices,,reparation
wrongly,saint,presumptuous,swamp,sing,servile,,reporter
execution,saintly,provoking,swampy,sweetheart,shame,,reputable
theocratic,shopping,recalcitrant,taboo,undying,sickness,,respectable
abandonment,simplify,repudiation,uneasy,art,soulless,,respectful
bomb,spa,ridiculous,unnatural,lovely,subvert,,respects
defy,succeed,rook,vulture,sanctify,suffering,,responsible
devastation,sun,scoff,wimp,whim,suffocating,,rooted
dissolution,sweet,selfish,aghast,balm,sunk,,rota
disturbance,synchronize,separatist,freakish,midwife,tramp,,routine
earthquake,tickle,sham,abortion,yearning,travesty,,safeguard
explode,transcendence,shit,affliction,tantalizing,ugliness,,sage
invade,trophy,shoddy,anthrax,erotic,unhealthy,,scientific
kidnap,veracity,shoplifting,arsenic,flirt,varicella,,seal
paralyzed,zeal,slander,atrophy,sensual,wasting,,seniority
punch,closure,slut,autopsy,income,woe,,sentinel
shatter,commemorate,smell,bacteria,mother,cadaver,,sermon
shell,consecration,snarl,bleeding,unbeaten,dire,,shelter
shot,hymn,sneer,blight,intimately,dreadfully,,shepherd
shriek,priesthood,squelch,carcass,journey,mishap,,shoulder
stab,progression,subsidy,cholera,swim,nefarious,,sincere
treachery,sing,surly,collapse,birth,depart,,sir
violation,sweetheart,tariff,contaminated,elevation,longing,,skillful
armed,undying,thoughtless,coward,god,ultimate,,sobriety
dominate,art,tirade,cringe,unsurpassed,thirst,,solidity
enforce,lovely,tortious,cupping,volunteer,exhaustion,,sponsor
mug,sanctify,ungrateful,decomposition,worship,uneasiness,,spotless
lace,whim,untoward,default,advance,unexplained,,stable
legalized,balm,vicious,deformity,infant,unpublished,,stamina
mighty,midwife,vindictive,degrading,thrill,overdue,,statement
endless,yearning,wasted,discontinuity,graduation,closure,,steadfast
outburst,tantalizing,wench,diseased,holiness,commemorate,,steward
claimant,erotic,disclaim,dismal,immerse,consecration,,straightforward
indecency,flirt,misbehavior,dismemberment,marry,hymn,,strength
stalemate,sensual,reversal,endemic,pray,priesthood,,structure
dame,income,banishment,exclusion,destination,progression,,supplication
accusation,mother,betrayal,failure,romance,sing,,supporting
actionable,unbeaten,bitterly,ghetto,highest,sweetheart,,surety
aggravation,eventuality,bitterness,hemorrhage,parade,undying,,swear
alienate,expose,condescension,hideous,rekindle,art,,synergistic
angry,imminent,damage,horrifying,unexpected,lovely,,synod
annoy,impending,deceive,hydrocephalus,retirement,sanctify,,teacher
annoyance,prognosis,degeneracy,ineptitude,finally,income,,thoughtful
antagonistic,watch,deplore,infectious,savor,mother,,throne
antipathy,alerts,disappoint,lament,winning,unbeaten,,title
arrogant,blindfold,disappointed,leprosy,abundance,probation,,truth
asshole,mysterious,disapproving,lethal,cove,wilderness,,truthfulness
atrocious,suspense,disgrace,malaria,weight,adrift,,tutelage
avarice,urgency,disgraced,measles,fervor,cataract,,umpire
bickering,warned,disgruntled,morgue,mastery,hunter,,unbroken
bile,probation,dishonest,outcast,playful,peril,,understanding
blame,wilderness,disillusionment,palsy,orchestra,perilous,,underwrite
blasphemous,buzz,disparage,plague,liquor,plea,,united
blatant,heft,disparaging,retard,legalized,precarious,,unity
bogus,towering,disparity,rot,mighty,worry,,unquestionable
bummer,withstand,disqualified,sacrifices,endless,worrying,,unquestionably
cacophony,cautious,disservice,servile,outburst,confession,,unquestioned
cad,medical,fleece,shame,rave,destination,,unwavering
callous,alertness,frowning,sickness,honest,romance,,upright
canker,anxious,frustrate,soulless,intense,retirement,,usher
carelessness,apprehensive,grievance,subvert,ribbon,unaccountable,,usual
cheat,beware,grumpy,suffering,advocacy,savor,,valor
contemptible,dread,humbug,suffocating,repay,winning,,verification
coop,endanger,idiocy,sunk,chant,mortification,,verified
copycat,foreboding,inappropriate,tramp,liberate,plight,,verily
cursing,forewarned,incompatible,travesty,money,flinch,,veteran
dabbling,jeopardy,inconsiderate,ugliness,musical,weight,,vicar
damn,loom,inconvenient,unhealthy,boisterous,soldier,,vigorous
defraud,nervous,inexcusable,varicella,sterling,sisterhood,,villager
delinquent,omen,inhibit,wasting,vote,smother,,virgin
denounce,ominous,irritation,woe,cash,aggravating,,virtue
depravity,overthrow,lie,cadaver,excitation,bothering,,vouch
depreciate,risk,miserable,dire,excite,choke,,warranty
derision,risky,mocking,dreadfully,youth,complain,,watchdog
desist,superstitious,neglected,mishap,opera,concussion,,watchful
despicable,timidity,nepotism,nefarious,raving,confiscate,,watchman
despise,undecided,obnoxious,remains,supremacy,criticism,,wholesome
detest,unknown,overpriced,eventuality,morals,deflate,,wisdom
diatribe,verge,paucity,expose,tree,demolish,,word
discord,diagnosis,perversion,imminent,celebrity,disagreeing,,worthy
disdain,sneaking,recidivism,impending,nurture,disagreement,,wot
disgraceful,concealed,remiss,prognosis,powerful,disapproved,,apologize
dislike,intrigue,reproach,watch,obliging,discriminate,,bureaucracy
disobedience,sorcery,resentment,alerts,feeling,disliked,,crisp
disobey,stealthy,ridicule,blindfold,treat,disturbed,,deceiving
egregious,trepidation,sarcasm,mysterious,,dumps,,fabrication
exasperation,urgent,segregate,suspense,,eschew,,nun
flagrant,warn,shun,urgency,,feudalism,,oblige
fraudulent,adrift,slur,warned,,forfeit,,pawn
furious,cataract,uncaring,probation,,forsaken,,privy
gall,hunter,unfair,wilderness,,fuss,,serene
grating,peril,unhappy,buzz,,guilty,,servant
greed,perilous,vulgarity,heft,,hamstring,,serve
gruff,plea,wasteful,towering,,harry,,stark
grumble,precarious,worthless,withstand,,humiliate,,unreliable
harass,worry,wretch,cautious,,incompetent,,wear
hoot,worrying,wrongdoing,medical,,inimical,,gullible
hostility,confession,wrongful,alertness,,insignificant,,sadness
huff,escape,betray,anxious,,limited,,confess
idiotic,uphill,hoax,apprehensive,,losing,,dependent
immorality,intimately,insult,beware,,melodrama,,hail
inadmissible,journey,rave,dread,,misunderstanding,,immovable
incredulous,swim,elf,endanger,,moody,,absolution
indignation,birth,rebellion,foreboding,,myopia,,achieve
inept,elevation,instinctive,forewarned,,offended,,admirable
infantile,god,abhor,jeopardy,,onerous,,admiration
irritating,unsurpassed,abhorrent,loom,,oust,,adoration
jealous,volunteer,abomination,nervous,,sedition,,affection
litigious,worship,antichrist,omen,,sore,,amen
livid,advance,averse,ominous,,sue,,angelic
loathe,infant,aversion,overthrow,,sullen,,appreciation
loathsome,thrill,badness,risk,,tolerate,,approve
lying,graduation,bane,risky,,touchy,,authentic
malign,holiness,barbaric,superstitious,,tripping,,beautification
misleading,immerse,bigot,timidity,,unattainable,,befriend
misplace,marry,birch,undecided,,underpaid,,benevolence
misstatement,pray,bloodthirsty,unknown,,unfairness,,bouquet
mistress,destination,brawl,verge,,unforgiving,,bridesmaid
mosquito,romance,butcher,diagnosis,,unpaid,,calf
muff,highest,coerce,sneaking,,upset,,carol
nettle,parade,contempt,concealed,,waffle,,cathedral
obscenity,rekindle,contentious,intrigue,,warp,,choir
offend,unexpected,contraband,sorcery,,willful,,civilized
offensive,retirement,criminal,stealthy,,orchestra,,clean
outrage,germ,criminality,trepidation,,liquor,,closeness
pervert,undoubted,crushing,urgent,,defendant,,commendable
phony,unaccountable,cur,warn,,displaced,,communion
polemic,finally,dastardly,adrift,,abandoned,,companion
presumptuous,savor,defiance,cataract,,accursed,,conciliation
provoking,winning,deleterious,hunter,,adversity,,confident
recalcitrant,abundance,denunciation,peril,,agony,,connoisseur
repudiation,contagion,deranged,perilous,,anguish,,content
ridiculous,tribunal,destructive,plea,,annihilated,,coronation
rook,exigent,diabolical,precarious,,annihilation,,cuddle
scoff,frantic,disgusting,worry,,arraignment,,dance
selfish,mortification,disreputable,worrying,,assailant,,darling
separatist,plight,distrust,confession,,assassin,,diary
sham,flinch,enemy,escape,,assassination,,enchanted
shit,cove,eradication,uphill,,banished,,encourage
shoddy,weight,evade,intimately,,battled,,engaging
shoplifting,forearm,ferocious,journey,,beating,,enlighten
slander,sharpen,fiend,swim,,blockade,,enlightenment
slut,simmer,fierce,birth,,broken,,equality
smell,deserve,foul,elevation,,brute,,evergreen
snarl,wireless,gent,god,,bugaboo,,exaltation
sneer,distracting,gnome,unsurpassed,,burial,,exalted
squelch,immaturity,grope,volunteer,,casualty,,excellent
subsidy,rail,growling,worship,,chaos,,expedient
surly,ram,hardened,advance,,communism,,favorite
tariff,skewed,hood,infant,,confine,,fidelity
thoughtless,suspicious,horrible,thrill,,confinement,,food
tirade,pry,hostile,graduation,,conflict,,forefathers
tortious,uncontrollable,illegality,holiness,,constraint,,fortitude
ungrateful,tease,illicit,immerse,,crazy,,found
untoward,unfulfilled,infamous,marry,,cross,,fraternal
vicious,interminable,infidel,pray,,cursed,,freedom
vindictive,ribbon,insidious,destination,,damnation,,freely
wasted,advocacy,intolerance,romance,,darkness,,friend
wench,repay,lawyer,highest,,dashed,,friendliness
disclaim,chant,lunatic,parade,,delusion,,friendship
misbehavior,liberate,masochism,rekindle,,deportation,,generous
reversal,money,misconception,unexpected,,depressed,,godly
banishment,musical,odious,retirement,,destroyed,,green
betrayal,boisterous,orc,contagion,,destroying,,hardy
bitterly,sterling,perverse,tribunal,,devastate,,harmoniously
bitterness,vote,pest,exigent,,difficulty,,harmony
condescension,court,pillage,frantic,,disastrous,,heal
damage,duel,possessed,mortification,,dispossessed,,heavens
deceive,defense,possession,plight,,domination,,helpful
degeneracy,caution,prohibited,flinch,,encumbrance,,hug
deplore,concealment,punishment,cove,,enmity,,humanity
disappoint,harbinger,raging,weight,,executioner,,immaculate
disappointed,hunting,rascal,smother,,exile,,improvement
disapproving,incite,repellent,armament,,fatal,,inseparable
disgrace,picket,revolting,bear,,frightful,,joyful
disgraced,shaky,revulsion,bearish,,fury,,kind
disgruntled,spear,ruthless,bee,,gallows,,kitten
dishonest,threaten,screaming,cane,,grievous,,lamb
disillusionment,uprising,sinister,impermeable,,halter,,liking
disparage,banger,sly,react,,hurt,,lovable
disparaging,explosive,smuggler,lightning,,hurting,,lovemaking
disparity,revenge,suppression,defendant,,impotence,,loving
disqualified,scare,threatening,displaced,,inequality,,majority
disservice,volatility,thug,warrior,,inflict,,marrow
fleece,anxiety,treacherous,attorney,,injure,,meritorious
frowning,detainee,tyrannical,toughness,,injurious,,ministry
frustrate,failing,unjustifiable,accused,,injury,,motherhood
grievance,noncompliance,unruly,accuser,,insecure,,notable
grumpy,paralysis,unsettled,accusing,,invader,,nursery
humbug,pare,unthinkable,aggression,,irreconcilable,,pastor
idiocy,shiver,vampire,aggressive,,killing,,pledge
inappropriate,tremor,venom,aggressor,,leukemia,,praise
incompatible,dismay,venomous,anarchism,,loss,,prestige
inconsiderate,tempest,vermin,anarchist,,loss,,privileged
inconvenient,unbridled,villainous,anarchy,,militia,,promise
inexcusable,revolution,witch,annihilate,,mortality,,purify
inhibit,cash,censor,arson,,mournful,,purr
irritation,excitation,scoundrel,assassinate,,nether,,quaint
lie,excite,intrusive,assault,,obliterate,,resources
miserable,youth,monstrosity,attack,,obstacle,,respite
mocking,opera,mutiny,batter,,oppressor,,reverence
neglected,raving,prick,bayonet,,penalty,,reverie
nepotism,supremacy,recklessness,beast,,pernicious,,roadster
obnoxious,clamor,scorpion,belligerent,,pessimism,,safe
overpriced,latent,scream,belt,,prison,,salutary
paucity,lagging,treason,blackmail,,prosecute,,sanctification
perversion,morals,uncertain,bombard,,psychosis,,save
recidivism,tree,violent,bombardment,,punishing,,soothing
remiss,celebrity,abuse,brimstone,,punitive,,spaniel
reproach,conspirator,adder,brutal,,rating,,spouse
resentment,opponent,adverse,brutality,,ravenous,,strengthening
ridicule,condemnation,aftermath,bully,,reject,,superman
sarcasm,depraved,alcoholism,busted,,rejects,,superstar
segregate,devil,alienation,campaigning,,remove,,supporter
shun,dictatorship,anathema,cannon,,reprisal,,symmetry
slur,doomsday,animosity,chaff,,resisting,,tender
uncaring,dreadful,antisocial,challenge,,restriction,,therapeutic
unfair,grim,atrocity,clashing,,retribution,,tranquility
unhappy,guillotine,awful,claw,,revolver,,truce
vulgarity,homeless,bad,combat,,rheumatism,,TRUE
wasteful,infanticide,banish,combatant,,scarcity,,virtuous
worthless,litigate,bankruptcy,combative,,scourge,,vitality
wretch,punished,banshee,conflagration,,scrapie,,wealth
wrongdoing,rabid,belittle,confusion,,shortage,,zealous
wrongful,sentence,bigoted,conquest,,skid,,applause
betray,shackle,bitch,consternation,,slave,,brighten
hoax,stripped,blemish,cracked,,smite,,dolphin
insult,torture,bloody,crazed,,spank,,enliven
rave,owing,burke,cruelly,,steal,,greatness
elf,death,cancer,crusade,,stifled,,heroic
rebellion,epidemic,coercion,cutthroat,,struggle,,illumination
instinctive,nurture,coldness,delusional,,suicide,,inspired
abhor,powerful,collusion,destroyer,,suppress,,jubilant
abhorrent,obliging,confined,disinformation,,taunt,,memorable
abomination,feeling,convict,dissident,,terrorize,,practiced
antichrist,treat,corrupting,distressing,,thresh,,rapt
averse,,criticize,exacerbation,,torment,,remarkable
aversion,,crucifixion,extermination,,traumatic,,smile
badness,,cruel,fear,,turmoil,,teach
bane,,cruelty,fight,,upheaval,,wonderful
barbaric,,crushed,firearms,,vendetta,,esteem
bigot,,curse,fluctuation,,victim,,heartfelt
birch,,cutting,foe,,violence,,ambulance
bloodthirsty,,deadly,forbidding,,warfare,,auditor
brawl,,delay,force,,witchcraft,,confessional
butcher,,demon,forcibly,,wound,,cop
coerce,,demonic,frenzied,,wrecked,,dominion
contempt,,deplorable,gang,,wrongly,,khan
contentious,,depreciated,glare,,execution,,obey
contraband,,deprivation,growl,,theocratic,,operation
criminal,,derogation,gun,,abandonment,,phalanx
criminality,,derogatory,harshness,,bomb,,rule
crushing,,desecration,havoc,,defy,,tactics
cur,,desert,hiss,,devastation,,hospital
dastardly,,deserted,homicidal,,dissolution,,aga
defiance,,despair,hostage,,disturbance,,armor
deleterious,,despotism,hostilities,,earthquake,,guard
denunciation,,deterioration,hysterical,,explode,,police
deranged,,disallowed,indict,,invade,,policeman
destructive,,disapprove,indoctrination,,kidnap,,rod
diabolical,,discontent,inferno,,paralyzed,,vigilant
disgusting,,discrimination,insane,,punch,,fortress
disreputable,,disease,intimidation,,shatter,,bailiff
distrust,,disfigured,jeopardize,,shell,,bait
enemy,,disgust,lash,,shot,,dubious
eradication,,dishonor,lava,,shriek,,doubt
evade,,dislocated,lawlessness,,stab,,insolvent
ferocious,,displeased,madden,,treachery,,synonymous
fiend,,disrespectful,madman,,violation,,acrobat
fierce,,duress,madness,,mug,,confidence
foul,,dying,malice,,lace,,intelligence
gent,,elimination,malignant,,endless,,loyal
gnome,,enslaved,maniac,,outburst,,sympathetic
grope,,entangled,manipulation,,banishment,,congress
growling,,eviction,menace,,betrayal,,larger
hardened,,evil,menacing,,bitterly,,interior
hood,,expel,mob,,bitterness,,thrift
horrible,,expulsion,obliterated,,condescension,,pious
hostile,,flog,oblivion,,damage,,lord
illegality,,gonorrhea,obstruct,,deceive,,excellence
illicit,,gore,opposed,,degeneracy,,remains
infamous,,gory,overpowering,,deplore,,boomerang
infidel,,hanging,penetration,,disappoint,,cap
insidious,,harmful,persecute,,disappointed,,cement
intolerance,,hate,quandary,,disapproving,,commonplace
lawyer,,hateful,rabble,,disgrace,,dare
lunatic,,hatred,rampage,,disgraced,,depend
masochism,,hell,ransom,,disgruntled,,determinate
misconception,,hellish,rebel,,dishonest,,enroll
odious,,holocaust,reckless,,disillusionment,,forecast
orc,,homicide,restrain,,disparage,,inoculation
perverse,,hopelessness,retaliation,,disparaging,,instructions
pest,,horrid,rifle,,disparity,,invocation
pillage,,horrific,riot,,disqualified,,judiciary
possessed,,hurtful,saber,,disservice,,navigator
possession,,ill,savage,,fleece,,neutral
prohibited,,illegal,savagery,,frowning,,sundial
punishment,,immoral,scapegoat,,frustrate,,testament
raging,,imprisoned,sectarian,,grievance,,theory
rascal,,imprisonment,shoot,,grumpy,,weigh
repellent,,incarceration,shooting,,humbug,,analyst
revolting,,incase,smash,,idiocy,,antidote
revulsion,,incest,standoff,,inappropriate,,ballot
ruthless,,incurable,sting,,incompatible,,chastity
screaming,,indifference,subversion,,inconsiderate,,conservation
sinister,,infidelity,suffocation,,inconvenient,,continue
sly,,inhuman,swastika,,inexcusable,,convince
smuggler,,insanity,talons,,inhibit,,council
suppression,,insulting,teasing,,irritation,,cultivate
threatening,,intolerant,threat,,lie,,diplomacy
thug,,jealousy,thundering,,miserable,,discretion
treacherous,,lonely,troll,,mocking,,disposed
tyrannical,,lunacy,troublesome,,neglected,,dutiful
unjustifiable,,lynch,tumultuous,,nepotism,,efficient
unruly,,mad,turbulence,,obnoxious,,errand
unsettled,,malevolent,ultimatum,,overpriced,,foresight
unthinkable,,malicious,usurped,,paucity,,instructor
vampire,,mangle,vehement,,perversion,,judicial
venom,,massacre,vengeful,,recidivism,,lesson
venomous,,misery,virulence,,remiss,,lettered
vermin,,molestation,warlike,,reproach,,mediate
villainous,,morbidity,wrath,,resentment,,mediator
witch,,murderer,counsellor,,ridicule,,neighbor
censor,,mutilation,libel,,sarcasm,,nobility
scoundrel,,nasty,mislead,,segregate,,objective
intrusive,,offender,warden,,shun,,oracle
monstrosity,,offense,ambush,,slur,,patience
mutiny,,opium,assail,,uncaring,,perpetuity
prick,,oppress,blast,,unfair,,planning
recklessness,,oppression,disruption,,unhappy,,prepared
scorpion,,oppressive,eruption,,vulgarity,,prophet
scream,,painful,frenetic,,wasteful,,prophylactic
treason,,perdition,incendiary,,worthless,,punctual
uncertain,,perpetrator,intruder,,wretch,,puppy
violent,,persecution,outcry,,wrongdoing,,regularity
abuse,,poaching,raid,,wrongful,,responsive
adder,,poison,riotous,,betray,,reunion
adverse,,poisoned,shock,,hoax,,scientist
aftermath,,poisonous,shrill,,insult,,strategist
alcoholism,,poverty,slam,,abuse,,top
alienation,,powerless,sneak,,adder,,vigilance
anathema,,prisoner,tumult,,adverse,,expect
animosity,,rape,yell,,aftermath,,foresee
antisocial,,recession,yelp,,alcoholism,,calls
atrocity,,rejection,abandoned,,alienation,,chicane
awful,,resign,accursed,,anathema,,accompaniment
bad,,revoke,adversity,,animosity,,achievement
banish,,rob,agony,,antisocial,,adore
bankruptcy,,robbery,anguish,,atrocity,,advent
banshee,,ruined,annihilated,,awful,,alive
belittle,,ruinous,annihilation,,bad,,ambition
bigoted,,scar,arraignment,,banish,,amour
bitch,,schizophrenia,assailant,,bankruptcy,,aspiring
blemish,,scold,assassin,,banshee,,atone
bloody,,sickening,assassination,,belittle,,betrothed
burke,,sin,banished,,bigoted,,bless
cancer,,sinful,battled,,bitch,,blessing
coercion,,sinner,beating,,blemish,,bloom
coldness,,slaughterhouse,blockade,,bloody,,bounty
collusion,,slavery,broken,,burke,,bridal
confined,,socialist,brute,,cancer,,bride
convict,,sordid,bugaboo,,coercion,,bridegroom
corrupting,,stigma,burial,,coldness,,brilliant
criticize,,stingy,casualty,,collusion,,brotherly
crucifixion,,subjugation,chaos,,confined,,buddy
cruel,,suicidal,communism,,convict,,champion
cruelty,,terrible,confine,,corrupting,,charitable
crushed,,terrorism,confinement,,criticize,,cheerfulness
curse,,theft,conflict,,crucifixion,,chocolate
cutting,,thrash,constraint,,cruel,,church
deadly,,traitor,crazy,,cruelty,,clap
delay,,tyrant,cross,,crushed,,comfort
demon,,ulcer,cursed,,curse,,courtship
demonic,,undesirable,damnation,,cutting,,cradle
deplorable,,unequal,darkness,,deadly,,delightful
depreciated,,unfriendly,dashed,,delay,,deliverance
deprivation,,unkind,delusion,,demon,,devout
derogation,,unlawful,deportation,,demonic,,dove
derogatory,,unlucky,depressed,,deplorable,,eagerness
desecration,,violently,destroyed,,depreciated,,edification
desert,,wimpy,destroying,,deprivation,,elegance
deserted,,wince,devastate,,derogation,,elite
despair,,wrangling,difficulty,,derogatory,,engaged
despotism,,devastating,disastrous,,desecration,,enjoy
deterioration,,fugitive,dispossessed,,desert,,enjoying
disallowed,,affront,domination,,deserted,,exalt
disapprove,,attacking,encumbrance,,despair,,fain
discontent,,bang,enmity,,despotism,,faith
discrimination,,bloodshed,executioner,,deterioration,,familiarity
disease,,carnage,exile,,disallowed,,firstborn
disfigured,,catastrophe,fatal,,disapprove,,fitting
disgust,,daemon,frightful,,discontent,,friendly
dishonor,,deceit,fury,,discrimination,,fulfillment
dislocated,,disaster,gallows,,disease,,glory
displeased,,dismissal,grievous,,disfigured,,glow
disrespectful,,distress,halter,,disgust,,grandchildren
duress,,horror,hurt,,dishonor,,grant
dying,,howl,hurting,,dislocated,,grow
elimination,,illegitimate,impotence,,displeased,,happy
enslaved,,lawsuit,inequality,,disrespectful,,healing
entangled,,lose,inflict,,duress,,heavenly
eviction,,manslaughter,injure,,dying,,heyday
evil,,murder,injurious,,elimination,,hire
expel,,murderous,injury,,enslaved,,improve
expulsion,,pitfall,insecure,,entangled,,inauguration
flog,,plunder,invader,,eviction,,infinity
gonorrhea,,sabotage,irreconcilable,,evil,,inspire
gore,,senseless,killing,,expel,,intimate
gory,,slaughter,leukemia,,expulsion,,kindred
hanging,,slaughtering,loss,,flog,,lover
harmful,,slayer,militia,,gonorrhea,,magnificence
hate,,strangle,mortality,,gore,,marriage
hateful,,terrorist,mournful,,gory,,matrimony
hatred,,thief,nether,,hanging,,meditate
hell,,trickery,obliterate,,harmful,,oasis
hellish,,victimized,obstacle,,hate,,ordination
holocaust,,wreck,oppressor,,hateful,,paragon
homicide,,divorce,penalty,,hatred,,passion
hopelessness,,notoriety,pernicious,,hell,,passionate
horrid,,honest,pessimism,,hellish,,pay
horrific,,intense,prison,,holocaust,,peace
hurtful,,clamor,prosecute,,homicide,,perfect
ill,,latent,psychosis,,hopelessness,,possess
illegal,,lagging,punishing,,horrid,,pretty
immoral,,morals,punitive,,horrific,,proud
imprisoned,,tree,rating,,hurtful,,providing
imprisonment,,celebrity,ravenous,,ill,,radiance
incarceration,,conspirator,reject,,illegal,,readiness
incase,,opponent,rejects,,immoral,,reconciliation
incest,,condemnation,remove,,imprisoned,,remedy
incurable,,depraved,reprisal,,imprisonment,,respect
indifference,,devil,resisting,,incarceration,,restorative
infidelity,,dictatorship,restriction,,incase,,revere
inhuman,,doomsday,retribution,,incest,,revival
insanity,,dreadful,revolver,,incurable,,romantic
insulting,,grim,rheumatism,,indifference,,salary
intolerant,,guillotine,scarcity,,infidelity,,salvation
jealousy,,homeless,scourge,,inhuman,,sanctuary
lonely,,infanticide,scrapie,,insanity,,serenity
lunacy,,litigate,shortage,,insulting,,sex
lynch,,punished,skid,,intolerant,,share
mad,,rabid,slave,,jealousy,,soundness
malevolent,,sentence,smite,,lonely,,star
malicious,,shackle,spank,,lunacy,,succeeding
mangle,,stripped,steal,,lynch,,successful
massacre,,torture,stifled,,mad,,treasure
misery,,owing,struggle,,malevolent,,triumphant
molestation,,death,suicide,,malicious,,unification
morbidity,,epidemic,suppress,,mangle,,uplift
murderer,,nurture,taunt,,massacre,,utopian
mutilation,,powerful,terrorize,,misery,,venerable
nasty,,obliging,thresh,,molestation,,victory
offender,,feeling,torment,,morbidity,,vindication
offense,,treat,traumatic,,murderer,,visionary
opium,,,turmoil,,mutilation,,vow
oppress,,,upheaval,,nasty,,white
oppression,,,vendetta,,offender,,zest
oppressive,,,victim,,offense,,accolade
painful,,,violence,,opium,,angel
perdition,,,warfare,,oppress,,aspiration
perpetrator,,,witchcraft,,oppression,,award
persecution,,,wound,,oppressive,,blessings
poaching,,,wrecked,,painful,,candid
poison,,,wrongly,,perdition,,captivate
poisoned,,,execution,,perpetrator,,celebration
poisonous,,,theocratic,,persecution,,cheer
poverty,,,abandonment,,poaching,,cherish
powerless,,,bomb,,poison,,chuckle
prisoner,,,defy,,poisoned,,climax
rape,,,devastation,,poisonous,,compensate
recession,,,dissolution,,poverty,,complement
rejection,,,disturbance,,powerless,,compliment
resign,,,earthquake,,prisoner,,crescendo
revoke,,,explode,,rape,,crowning
rob,,,invade,,recession,,dawn
robbery,,,kidnap,,rejection,,deal
ruined,,,paralyzed,,resign,,eager
ruinous,,,punch,,revoke,,ejaculation
scar,,,shatter,,rob,,embrace
schizophrenia,,,shell,,robbery,,entertainment
scold,,,shot,,ruined,,excel
sickening,,,shriek,,ruinous,,excited
sin,,,stab,,scar,,favorable
sinful,,,treachery,,schizophrenia,,fiesta
sinner,,,violation,,scold,,fortune
slaughterhouse,,,armed,,sickening,,generosity
slavery,,,dominate,,sin,,glorify
socialist,,,enforce,,sinful,,good
sordid,,,mug,,sinner,,goodness
stigma,,,lace,,slaughterhouse,,grin
stingy,,,legalized,,slavery,,hero
subjugation,,,mighty,,socialist,,heroism
suicidal,,,endless,,sordid,,honeymoon
terrible,,,outburst,,,,
terrorism,,,elf,,,,
theft,,,rebellion,,,,
thrash,,,instinctive,,,,
traitor,,,abhor,,,,
tyrant,,,abhorrent,,,,
ulcer,,,abomination,,,,
undesirable,,,antichrist,,,,
unequal,,,averse,,,,
unfriendly,,,aversion,,,,
unkind,,,badness,,,,
unlawful,,,bane,,,,
unlucky,,,barbaric,,,,
violently,,,bigot,,,,
wimpy,,,birch,,,,
wince,,,bloodthirsty,,,,
wrangling,,,brawl,,,,
devastating,,,butcher,,,,
fugitive,,,coerce,,,,
affront,,,contempt,,,,
attacking,,,contentious,,,,
bang,,,contraband,,,,
bloodshed,,,criminal,,,,
carnage,,,criminality,,,,
catastrophe,,,crushing,,,,
daemon,,,cur,,,,
deceit,,,dastardly,,,,
disaster,,,defiance,,,,
dismissal,,,deleterious,,,,
distress,,,denunciation,,,,
horror,,,deranged,,,,
howl,,,destructive,,,,
illegitimate,,,diabolical,,,,
lawsuit,,,disgusting,,,,
lose,,,disreputable,,,,
manslaughter,,,distrust,,,,
murder,,,enemy,,,,
murderous,,,eradication,,,,
pitfall,,,evade,,,,
plunder,,,ferocious,,,,
sabotage,,,fiend,,,,
senseless,,,fierce,,,,
slaughter,,,foul,,,,
slaughtering,,,gent,,,,
slayer,,,gnome,,,,
strangle,,,grope,,,,
terrorist,,,growling,,,,
thief,,,hardened,,,,
trickery,,,hood,,,,
victimized,,,horrible,,,,
wreck,,,hostile,,,,
divorce,,,illegality,,,,
notoriety,,,illicit,,,,
honest,,,infamous,,,,
intense,,,infidel,,,,
forearm,,,insidious,,,,
sharpen,,,intolerance,,,,
simmer,,,lawyer,,,,
deserve,,,lunatic,,,,
wireless,,,masochism,,,,
distracting,,,misconception,,,,
immaturity,,,odious,,,,
rail,,,orc,,,,
ram,,,perverse,,,,
skewed,,,pest,,,,
suspicious,,,pillage,,,,
pry,,,possessed,,,,
uncontrollable,,,possession,,,,
tease,,,prohibited,,,,
unfulfilled,,,punishment,,,,
interminable,,,raging,,,,
ribbon,,,rascal,,,,
advocacy,,,repellent,,,,
repay,,,revolting,,,,
chant,,,revulsion,,,,
liberate,,,ruthless,,,,
money,,,screaming,,,,
musical,,,sinister,,,,
boisterous,,,sly,,,,
sterling,,,smuggler,,,,
vote,,,suppression,,,,
court,,,threatening,,,,
duel,,,thug,,,,
defense,,,treacherous,,,,
caution,,,tyrannical,,,,
concealment,,,unjustifiable,,,,
harbinger,,,unruly,,,,
hunting,,,unsettled,,,,
incite,,,unthinkable,,,,
picket,,,vampire,,,,
shaky,,,venom,,,,
spear,,,venomous,,,,
threaten,,,vermin,,,,
uprising,,,villainous,,,,
banger,,,witch,,,,
explosive,,,censor,,,,
revenge,,,scoundrel,,,,
scare,,,intrusive,,,,
volatility,,,monstrosity,,,,
anxiety,,,mutiny,,,,
detainee,,,prick,,,,
failing,,,recklessness,,,,
noncompliance,,,scorpion,,,,
paralysis,,,scream,,,,
pare,,,treason,,,,
shiver,,,uncertain,,,,
tremor,,,violent,,,,
dismay,,,abuse,,,,
tempest,,,adder,,,,
unbridled,,,adverse,,,,
revolution,,,aftermath,,,,
cash,,,alcoholism,,,,
excitation,,,alienation,,,,
excite,,,anathema,,,,
youth,,,animosity,,,,
opera,,,antisocial,,,,
raving,,,atrocity,,,,
supremacy,,,awful,,,,
clamor,,,bad,,,,
latent,,,banish,,,,
lagging,,,bankruptcy,,,,
morals,,,banshee,,,,
tree,,,belittle,,,,
celebrity,,,bigoted,,,,
conspirator,,,bitch,,,,
opponent,,,blemish,,,,
condemnation,,,bloody,,,,
depraved,,,burke,,,,
devil,,,cancer,,,,
dictatorship,,,coercion,,,,
doomsday,,,coldness,,,,
dreadful,,,collusion,,,,
grim,,,confined,,,,
guillotine,,,convict,,,,
homeless,,,corrupting,,,,
infanticide,,,criticize,,,,
litigate,,,crucifixion,,,,
punished,,,cruel,,,,
rabid,,,cruelty,,,,
sentence,,,crushed,,,,
shackle,,,curse,,,,
stripped,,,cutting,,,,
torture,,,deadly,,,,
owing,,,delay,,,,
death,,,demon,,,,
epidemic,,,demonic,,,,
nurture,,,deplorable,,,,
powerful,,,depreciated,,,,
obliging,,,deprivation,,,,
feeling,,,derogation,,,,
treat,,,derogatory,,,,
,,,desecration,,,,
,,,desert,,,,
,,,deserted,,,,
,,,despair,,,,
,,,despotism,,,,
,,,deterioration,,,,
,,,disallowed,,,,
,,,disapprove,,,,
,,,discontent,,,,
,,,discrimination,,,,
,,,disease,,,,
,,,disfigured,,,,
,,,disgust,,,,
,,,dishonor,,,,
,,,dislocated,,,,
,,,displeased,,,,
,,,disrespectful,,,,
,,,duress,,,,
,,,dying,,,,
,,,elimination,,,,
,,,enslaved,,,,
,,,entangled,,,,
,,,eviction,,,,
,,,evil,,,,
,,,expel,,,,
,,,expulsion,,,,
,,,flog,,,,
,,,gonorrhea,,,,
,,,gore,,,,
,,,gory,,,,
,,,hanging,,,,
,,,harmful,,,,
,,,hate,,,,
,,,hateful,,,,
,,,hatred,,,,
,,,hell,,,,
,,,hellish,,,,
,,,holocaust,,,,
,,,homicide,,,,
,,,hopelessness,,,,
,,,horrid,,,,
,,,horrific,,,,
,,,hurtful,,,,
,,,ill,,,,
,,,illegal,,,,
,,,immoral,,,,
,,,imprisoned,,,,
,,,imprisonment,,,,
,,,incarceration,,,,
,,,incase,,,,
,,,incest,,,,
,,,incurable,,,,
,,,indifference,,,,
,,,infidelity,,,,
,,,inhuman,,,,
,,,insanity,,,,
,,,insulting,,,,
,,,intolerant,,,,
,,,jealousy,,,,
,,,lonely,,,,
,,,lunacy,,,,
,,,lynch,,,,
,,,mad,,,,
,,,malevolent,,,,
,,,malicious,,,,
,,,mangle,,,,
,,,massacre,,,,
,,,misery,,,,
,,,molestation,,,,
,,,morbidity,,,,
,,,murderer,,,,
,,,mutilation,,,,
,,,nasty,,,,
,,,offender,,,,
,,,offense,,,,
,,,opium,,,,
,,,oppress,,,,
,,,oppression,,,,
,,,oppressive,,,,
,,,painful,,,,
,,,perdition,,,,
,,,perpetrator,,,,
,,,persecution,,,,
,,,poaching,,,,
,,,poison,,,,
,,,poisoned,,,,
,,,poisonous,,,,
,,,poverty,,,,
,,,powerless,,,,
,,,prisoner,,,,
,,,rape,,,,
,,,recession,,,,
,,,rejection,,,,
,,,resign,,,,
,,,revoke,,,,
,,,rob,,,,
,,,robbery,,,,
,,,ruined,,,,
,,,ruinous,,,,
,,,scar,,,,
,,,schizophrenia,,,,
,,,scold,,,,
,,,sickening,,,,
,,,sin,,,,
,,,sinful,,,,
,,,sinner,,,,
,,,slaughterhouse,,,,
,,,slavery,,,,
,,,socialist,,,,
,,,sordid,,,,
,,,stigma,,,,
,,,stingy,,,,
,,,subjugation,,,,
,,,suicidal,,,,
,,,terrible,,,,
,,,terrorism,,,,
,,,theft,,,,
,,,thrash,,,,
,,,traitor,,,,
,,,tyrant,,,,
,,,ulcer,,,,
,,,undesirable,,,,
,,,unequal,,,,
,,,unfriendly,,,,
,,,unkind,,,,
,,,unlawful,,,,
,,,unlucky,,,,
,,,violently,,,,
,,,wimpy,,,,
,,,wince,,,,
,,,wrangling,,,,
,,,devastating,,,,
,,,fugitive,,,,
,,,affront,,,,
,,,attacking,,,,
,,,bang,,,,
,,,bloodshed,,,,
,,,carnage,,,,
,,,catastrophe,,,,
,,,daemon,,,,
,,,deceit,,,,
,,,disaster,,,,
,,,dismissal,,,,
,,,distress,,,,
,,,horror,,,,
,,,howl,,,,
,,,illegitimate,,,,
,,,lawsuit,,,,
,,,lose,,,,
,,,manslaughter,,,,
,,,murder,,,,
,,,murderous,,,,
,,,pitfall,,,,
,,,plunder,,,,
,,,sabotage,,,,
,,,senseless,,,,
,,,slaughter,,,,
,,,slaughtering,,,,
,,,slayer,,,,
,,,strangle,,,,
,,,terrorist,,,,
,,,thief,,,,
,,,trickery,,,,
,,,victimized,,,,
,,,wreck,,,,
,,,divorce,,,,
,,,notoriety,,,,
,,,honest,,,,
,,,intense,,,,
,,,court,,,,
,,,duel,,,,
,,,defense,,,,
,,,caution,,,,
,,,concealment,,,,
,,,harbinger,,,,
,,,hunting,,,,
,,,incite,,,,
,,,picket,,,,
,,,shaky,,,,
,,,spear,,,,
,,,threaten,,,,
,,,uprising,,,,
,,,banger,,,,
,,,explosive,,,,
,,,revenge,,,,
,,,scare,,,,
,,,volatility,,,,
,,,anxiety,,,,
,,,detainee,,,,
,,,failing,,,,
,,,noncompliance,,,,
,,,paralysis,,,,
,,,pare,,,,
,,,shiver,,,,
,,,tremor,,,,
,,,dismay,,,,
,,,tempest,,,,
,,,unbridled,,,,
,,,revolution,,,,
,,,cash,,,,
,,,excitation,,,,
,,,excite,,,,
,,,youth,,,,
,,,opera,,,,
,,,raving,,,,
,,,supremacy,,,,
,,,conspirator,,,,
,,,opponent,,,,
,,,condemnation,,,,
,,,depraved,,,,
,,,devil,,,,
,,,dictatorship,,,,
,,,doomsday,,,,
,,,dreadful,,,,
,,,grim,,,,
,,,guillotine,,,,
,,,homeless,,,,
,,,infanticide,,,,
,,,litigate,,,,
,,,punished,,,,
,,,rabid,,,,
,,,sentence,,,,
,,,shackle,,,,
,,,stripped,,,,
,,,torture,,,,
,,,owing,,,,
,,,death,,,,
,,,epidemic,,,,
,,,nurture,,,,
,,,powerful,,,,
,,,obliging,,,,
,,,feeling,,,,
,,,treat,,,,